Id,L_CORE,L_SURF,L_O2,L_BP,H_CORE,H_SURF,H_O2,H_BP,M_CORE,M_SURF,M_O2,M_BP,BP_ST
101,37.4,36.7,98.0,123,37.5,36.8,98.3,125,37.45,36.75,98.15,124,77
102,38.3,37.6,95.9,142,38.5,37.8,96.4,145,38.4,37.7,96.15,143.5,91
103,36.8,36.1,97.8,113,36.9,36.2,98.1,115,36.85,36.15,97.95,114,70
104,38.8,38.1,94.9,155,39.0,38.3,95.4,158,38.9,38.2,95.15,156.5,101
105,37.1,36.4,98.4,119,37.2,36.5,98.7,121,37.15,36.45,98.55,120,74
106,38.5,37.8,95.7,147,38.7,38.0,96.2,150,38.6,37.9,95.95,148.5,95
107,37.7,37.0,97.2,131,37.8,37.1,97.5,133,37.75,37.05,97.35,132,82
108,36.6,35.9,98.3,114,36.7,36.0,98.6,116,36.65,35.95,98.45,115,68
109,38.9,38.2,95.3,157,39.1,38.4,95.8,160,39.0,38.3,95.55,158.5,103
110,37.2,36.5,98.2,122,37.3,36.6,98.5,124,37.25,36.55,98.35,123,75