Id,L_CORE,L_SURF,L_O2,L_BP,H_CORE,H_SURF,H_O2,H_BP,M_CORE,M_SURF,M_O2,M_BP,BP_ST,DECISION
1,37.2,36.5,98.5,120,37.3,36.6,98.7,122,37.25,36.55,98.6,121,75,S
2,36.8,35.9,97.2,110,36.9,36.0,97.5,112,36.85,35.95,97.35,111,70,S
3,38.5,37.8,95.3,145,38.7,38.0,95.8,148,38.6,37.9,95.55,146.5,95,I
4,37.0,36.3,98.8,118,37.1,36.4,99.0,120,37.05,36.35,98.9,119,72,S
5,38.9,38.2,94.5,155,39.1,38.4,95.0,158,39.0,38.3,94.75,156.5,100,I
6,37.5,36.8,97.8,125,37.6,36.9,98.0,127,37.55,36.85,97.9,126,78,A
7,36.5,35.8,98.2,115,36.6,35.9,98.5,117,36.55,35.85,98.35,116,68,S
8,38.2,37.5,96.0,140,38.4,37.7,96.5,143,38.3,37.6,96.25,141.5,90,I
9,37.3,36.6,98.3,122,37.4,36.7,98.6,124,37.35,36.65,98.45,123,76,A
10,38.6,37.9,95.8,150,38.8,38.1,96.2,153,38.7,38.0,96.0,151.5,98,I
11,36.9,36.2,97.5,112,37.0,36.3,97.8,114,36.95,36.25,97.65,113,71,S
12,37.8,37.1,96.8,135,38.0,37.3,97.2,138,37.9,37.2,97.0,136.5,85,A
13,38.3,37.6,95.5,142,38.5,37.8,96.0,145,38.4,37.7,95.75,143.5,92,I
14,37.1,36.4,98.5,119,37.2,36.5,98.8,121,37.15,36.45,98.65,120,73,S
15,38.7,38.0,95.0,152,38.9,38.2,95.5,155,38.8,38.1,95.25,153.5,99,I
16,37.4,36.7,97.9,124,37.5,36.8,98.2,126,37.45,36.75,98.05,125,77,A
17,36.7,36.0,98.0,114,36.8,36.1,98.3,116,36.75,36.05,98.15,115,69,S
18,38.4,37.7,95.7,144,38.6,37.9,96.2,147,38.5,37.8,95.95,145.5,93,I
19,37.6,36.9,97.6,128,37.7,37.0,97.9,130,37.65,36.95,97.75,129,80,A
20,38.8,38.1,94.8,154,39.0,38.3,95.3,157,38.9,38.2,95.05,155.5,101,I
21,37.0,36.3,98.6,117,37.1,36.4,98.9,119,37.05,36.35,98.75,118,72,S
22,38.1,37.4,96.2,138,38.3,37.6,96.7,141,38.2,37.5,96.45,139.5,88,A
23,36.6,35.9,98.1,113,36.7,36.0,98.4,115,36.65,35.95,98.25,114,68,S
24,38.9,38.2,95.2,156,39.1,38.4,95.7,159,39.0,38.3,95.45,157.5,102,I
25,37.2,36.5,98.4,121,37.3,36.6,98.7,123,37.25,36.55,98.55,122,75,A
26,38.5,37.8,95.6,146,38.7,38.0,96.1,149,38.6,37.9,95.85,147.5,94,I
27,36.8,36.1,97.7,111,36.9,36.2,98.0,113,36.85,36.15,97.85,112,70,S
28,37.9,37.2,96.9,136,38.1,37.4,97.4,139,38.0,37.3,97.15,137.5,86,A
29,38.3,37.6,95.9,143,38.5,37.8,96.4,146,38.4,37.7,96.15,144.5,91,I
30,37.1,36.4,98.2,120,37.2,36.5,98.5,122,37.15,36.45,98.35,121,74,S
31,38.6,37.9,95.4,148,38.8,38.1,95.9,151,38.7,38.0,95.65,149.5,96,I
32,37.5,36.8,97.8,126,37.6,36.9,98.1,128,37.55,36.85,97.95,127,79,A
33,36.9,36.2,97.9,116,37.0,36.3,98.2,118,36.95,36.25,98.05,117,71,S
34,38.2,37.5,96.3,141,38.4,37.7,96.8,144,38.3,37.6,96.55,142.5,89,I
35,37.3,36.6,98.1,123,37.4,36.7,98.4,125,37.35,36.65,98.25,124,76,A
36,38.7,38.0,95.1,153,38.9,38.2,95.6,156,38.8,38.1,95.35,154.5,100,I
37,36.7,36.0,97.6,112,36.8,36.1,97.9,114,36.75,36.05,97.75,113,69,S
38,37.8,37.1,96.7,134,38.0,37.3,97.2,137,37.9,37.2,96.95,135.5,84,A
39,38.4,37.7,95.8,145,38.6,37.9,96.3,148,38.5,37.8,96.05,146.5,93,I
40,37.0,36.3,98.7,118,37.1,36.4,99.0,120,37.05,36.35,98.85,119,73,S