CountryID,Country,GNI,ChangesInv,Exports,Imports,FinalConsExp,GrossCF,HouseholdConsExp,AgrHuntForFish,Construction,Manufacturing,MiningManUt,TradeT,TransportComm,Other
4,Afghanistan,377,139.243,44.978,147.15,426.812,47.909,345.742,124.746,7.484,33.756,50.593,38.961,36.689,97.604
8,Albania,6290,139.243,1958.352,2808.182,5557.036,1542.55,4805.106,1131.102,609.928,398.446,785.689,859.302,391.185,1800.73
12,Algeria,3618,113.577,989.265,979.142,2286.207,1403.453,1642.104,450.539,411.507,159.096,1050.084,482.247,356.251,811.784
20,Andorra,42066,452.156,14695.135,14070.371,32674.152,8767.125,23658.885,223.726,3266.102,1709.447,1934.37,8394.442,2156.899,22841.461
24,Angola,2070,35.713,901.217,332.358,1046.42,428.939,883.764,234.797,127.73,133.697,843.736,431.453,41.562,363.728
28,Antigua and Barbuda,14735,139.243,7767.073,9003.643,10666.694,5815.695,8172.822,342.841,2067.135,375.38,1223.443,2823.061,1289.953,5672.782
31,Azerbaijan,5263,38.541,2471.412,1584.113,3492.14,917.004,2780.593,311.246,312.051,361.457,2252.875,603.819,457.995,911.044
32,Argentina,10590,36.907,1940.678,1608.271,8260.305,1880.416,6559.654,648.287,394.58,1410.007,2057.416,1672.842,604.936,3577.993
36,Australia,64490,211.958,17283.224,13348.205,47451.71,15547.186,32637.518,2123.032,4590.857,3627.78,14081.199,6134.002,4012.177,31634.473
40,Austria,54082,196.484,30149.913,29813.669,38556.023,14906.835,26899.551,652.647,3490.368,8908.351,10418.742,7466.111,4254.557,21855.885
44,Bahamas,25962,318.068,7555.098,11577.447,23305.418,7083.887,18828.652,134.553,1869.159,463.315,1233.855,5457.865,2037.102,14096.265
48,Bahrain,24990,1437.467,24079.421,18846.479,12578.236,8751.796,8995.536,78.108,2189.061,4725.554,8896.665,1697.385,1936.123,11162.698
50,Bangladesh,2579,139.243,261.228,417.984,1830.461,761.708,1682.843,284.994,221.722,520.254,596.376,373.024,204.493,679.042
51,Armenia,5032,115.268,1739.315,2146.645,4351.62,1022.227,3567.252,563.078,323.485,566.391,999.665,644.437,327.432,1650.24
52,Barbados,16887,33.784,5232.219,6971.373,16053.876,3145.804,13827.703,255.334,1002.489,871.088,1307.077,2692.745,1894.026,7660.74
56,Belgium,51639,915.549,44439.013,43922.28,37290.877,13348.928,25061.536,339.316,2475.088,6303.572,7563.622,5821.957,4540.17,24803.17
60,Bermuda,112607,139.243,56060.504,27092.751,68398.633,15257.525,54964.147,267.249,4399.483,503.193,2251.44,10497.103,5122.472,85424.97
64,Bhutan,2809,1.075,882.36,1494.923,2204.9,1004.565,1612.747,520.774,358.946,209.129,750.596,357.77,300.263,639.319
68,Bolivia (Plurinational State of),3266,6.868,930.764,1043.515,2894.792,563.156,2247.965,432.275,94.621,358.816,787.204,322.083,300.629,1069.227
70,Bosnia and Herzegovina,7082,334.637,3047.719,3897.977,6349.215,1881.794,4955.997,368.355,311.921,1031.593,1511.436,1142.292,561.206,2217.793
72,Botswana,6692,70.328,3036.087,3393.472,5432.431,1969.994,3170.248,117.171,791.919,378.684,1228.33,991.613,331.091,3007.718
76,Brazil,7305,-18.714,1507.048,1432.396,6018.862,1418.399,4577.135,517.902,257.27,783.852,1157.115,928.491,480.576,3046.757
84,Belize,5936,101.802,2895.188,3120.575,4974.148,1317.034,3964.616,478.889,376.437,422.355,668.535,1098.554,434.874,2317.487
90,Solomon Islands,2323,-46.735,584.97,779.756,2053.528,456.578,1428.429,774.499,115.394,232.175,291.749,395.932,143.712,582.311
92,British Virgin Islands,45120,-983.078,55336.961,38076.588,21345.511,10831.828,17205.032,63.744,1713.853,1004.7,1771.139,8720.378,3754.48,35586.557
96,Brunei Darussalam,31650,59.179,25212.252,21056.369,14767.627,9834.883,7707.985,395.09,768.234,5822.573,18950.727,2123.753,1199.205,8510.873
100,Bulgaria,11889,576.957,7486.251,7281.371,9429.799,2572.588,7117.194,533.094,401.618,1400.628,2143.141,1971.86,1326.083,4303.055
104,Myanmar,1095,8.104,285.914,236.271,752.068,297.758,576.259,277.436,62.069,247.275,308.089,232.079,140.239,75.745
108,Burundi,312,1.967,26.676,93.546,333.916,39.662,262.602,105.381,10.664,38.583,41.916,16.076,11.849,94.935
112,Belarus,6842,152.849,5135.013,4744.577,4840.57,1762.536,3660.713,484.503,363.413,1627.919,1926.256,676.741,892.365,1870.78
116,Cambodia,1523,16.077,945.68,1379.645,1758.986,409.953,1640.675,365.227,250.656,289.493,336.712,183.698,106.425,247.042
120,Cameroon,1636,139.243,289.863,340.344,1419.215,299.279,1215.894,286.909,95.919,221.568,304.036,269.556,206.189,377.438
124,Canada,51741,-64.191,16013.624,15961.206,39837.492,12370.59,28305.587,925.125,3695.452,5136.94,8806.183,6159.086,3774.078,25239.148
132,Cabo Verde,3229,139.243,810.673,1910.401,2891.393,1501.568,2085.544,145.224,435.05,283.47,392.719,360.72,363.738,1163.201
136,Cayman Islands,61982,178.827,52768.206,38435.346,54579.713,14639.261,45896.648,359.417,3565.063,765.505,2990.962,9274.834,4723.295,59662.737
140,Central African Republic,493,139.243,61.045,143.693,471.465,72.544,404.69,146.451,7.461,84.925,88.332,85.217,9.506,103.455
144,Sri Lanka,3823,53.498,694.973,991.382,3129.219,1085.21,2753.883,353.023,267.463,704.666,823.394,476.274,427.492,1348.477
148,Chad,923,51.431,253.225,198.009,675.899,240.027,597.414,419.343,17.178,63.236,189.274,97.668,34.81,143.722
152,Chile,15320,220.891,5181.298,5283.898,12260.696,4118.902,9900.897,534.287,994.325,1408.009,4169.612,1748.744,1276.409,5848.198
156,China,12324,119.925,2475.641,2146.023,6753.66,5329.991,4768.94,946.775,869.63,3415.402,4053.599,1395.616,988.854,4186.849
170,Colombia,6003,81.165,1001.603,1492.009,5376.912,1209.119,4386.939,453.474,288.257,702.907,1238.22,829.951,419.227,2290.526
174,Comoros,1620,-14.41,106.822,443.691,1779.911,187.468,1622.482,609.128,13.752,105.026,123.621,312.815,101.943,411.448
178,Congo,1737,17.08,1513.293,886.553,1266.882,319.135,926.062,188.528,23.613,199.433,922.701,340.886,141.292,543.272
180,D.R. of the Congo,541,2.079,225.783,221.441,425.934,120.326,381.058,109.352,5.819,98.096,236.326,65.889,48.607,70.874
184,Cook Islands,19264,139.243,16342.907,11507.847,12272.205,2045.953,6284.046,526.116,609.417,752.788,1401.738,4787.061,2137.226,8046.082
188,Costa Rica,11627,234.495,4506.488,4299.822,9816.082,2449.694,7789.612,555.549,515.216,1731.391,2047.658,1385.734,1106.903,5847.38
191,Croatia,16950,182.072,8708.774,8958.519,13530.03,3703.162,9754.993,493.703,843.909,1936.425,2516.683,2429.884,1469.121,6359.273
192,Cuba,11086,139.243,618.568,543.799,10838.306,888.79,4946.693,238.414,1035.326,975.67,1126.05,1921.75,604.28,7209.51
196,Cyprus,29554,-445.933,27960.704,27017.633,25466.814,5870.909,19141.908,548.882,1759.539,1839.371,2475.074,3983.826,4086.91,15566.786
203,Czechia,25608,1080.987,19503.839,18742.714,17886.448,8092.074,12178.007,494.778,1362.883,5651.325,6751.469,2971.199,3075.024,9704.349
204,Benin,1347,5.487,284.686,369.298,1052.891,392.631,915.766,388.254,78.224,129.011,145.882,204.305,121.46,298.689
208,Denmark,70390,148.186,40654.295,35700.62,47486.95,15627.314,31088.579,590.008,3288.516,8134.538,9856.201,8959.669,7420.394,29038.782
212,Dominica,7594,139.243,1576.703,3820.106,7478.453,2152.139,5756.679,1304.725,450.752,168.122,439.83,865.162,1012.518,2348.701
214,Dominican Republic,8053,30.4,1843.922,2626.281,6601.47,2657.638,5629.601,480.274,1211.559,1285.066,1557.128,1371.294,786.065,2473.461
218,Ecuador,5873,68.773,1562.171,1503.073,4572.908,1333.127,3661.424,561.575,523.674,1001.806,1335.869,716.771,461.361,2007.836
222,El Salvador,4294,55.008,1344.746,2495.017,4691.443,1010.012,3797.078,223.788,240.136,690.768,854.322,639.708,335.709,1749.442
226,Equatorial Guinea,6991,3.996,4145.889,3259.156,6426.739,291.982,4530.908,197.557,265.502,1962.841,3754.11,591.509,465.995,2297.314
231,Ethiopia,821,36.493,62.663,137.516,668.873,231.271,595.958,310.094,130.643,38.007,49.703,123.659,34.88,143.015
232,Eritrea,616,139.243,192.493,175.94,577.518,28.912,435.513,109.822,99.996,38.337,99.127,72.468,78.163,176.393
233,Estonia,27506,415.188,21915.719,22017.814,19019.808,8494.908,13476.154,565.6,1643.035,3560.057,4824.601,3250.553,3653.345,10600.86
242,Fiji,4376,33.853,1268.929,2536.238,5001.033,912.814,3833.548,674.758,100.066,539.259,684.716,511.214,333.252,1654.247
246,Finland,54714,153.611,21134.424,21134.424,40462.486,12869.156,27456.687,1232.949,3598.005,7882.454,9616.188,4838.645,4660.892,22579.512
250,France,45535,348.707,13024.127,13891.405,34093.008,11065.274,23326.795,725.446,2213.055,3932.658,5143.857,4904.608,4231.72,21981.018
258,French Polynesia,19915,139.243,3352.162,6925.925,19288.541,4134.383,13010.129,589.341,602.736,978.252,1460.684,2713.543,2169.186,10256.144
262,Djibouti,3254,518.916,5072.762,5930.898,2760.887,1426.32,2051.842,39.415,119.225,85.694,221.634,921.924,718.438,859.058
266,Gabon,7358,139.243,4212.422,1562.327,3789.007,1471.821,2881.251,489.272,259.579,602.501,3506.012,393.143,947.348,1967.871
268,Georgia,4700,74.17,2143.465,2916.697,4656.547,1091.81,3961.685,304.265,348.638,506.225,736.83,865.456,411.991,1677.793
270,Gambia,753,139.243,51.359,275.375,755.579,251.239,679.845,173.107,97.334,14.445,34.612,256.031,46.586,109.395
275,State of Palestine,4176,55.616,619.512,1995.737,3934.591,905.425,3086.302,251.988,188.886,396.208,452.297,820.432,172.811,1134.122
276,Germany,52885,709.047,23978.356,21340.737,36447.101,11893.265,25177.274,434.492,2553.695,9627.31,11101.979,5251.26,4400.028,22419.763
288,Ghana,2348,41.077,720.365,687.0,1928.405,446.865,1688.757,474.712,153.742,257.728,527.047,431.798,271.861,402.644
296,Kiribati,3018,-0.954,83.453,1565.6,2755.26,370.637,1511.272,407.861,84.07,88.16,120.172,100.464,136.519,913.385
300,Greece,20481,1000.846,8408.28,9956.569,18381.359,3732.948,13977.491,796.28,331.212,1779.031,2818.719,3362.504,1818.288,8839.143
304,Greenland,56613,139.243,23642.828,28192.122,46187.598,16546.937,20652.392,10459.962,6542.953,2353.592,3879.393,6264.03,6225.299,22558.541
308,Grenada,8529,139.243,3599.057,5379.246,7842.214,2750.803,6652.224,462.148,699.666,287.916,619.805,1040.979,822.819,4030.471
320,Guatemala,4791,57.62,868.712,1566.131,4752.216,828.411,4200.051,458.867,263.341,683.609,822.52,1109.212,325.45,1599.381
324,Guinea,1046,-23.182,763.718,619.808,850.443,185.44,696.628,300.798,24.51,110.544,307.161,203.864,50.789,182.199
328,Guyana,11063,139.243,8245.201,7643.211,8029.768,2044.78,6293.765,1348.698,620.765,313.34,4415.5,490.15,403.685,2188.918
332,Haiti,1665,139.243,118.358,497.934,1742.898,300.24,1618.978,342.948,68.747,321.119,354.57,394.996,70.565,392.457
340,Honduras,2546,41.186,1066.097,1716.177,2756.735,665.068,2351.508,306.022,160.742,453.737,575.995,468.304,176.072,934.532
344," China,Hong Kong SAR ",52777,90.152,100205.775,97937.469,38160.921,8675.353,32023.151,44.543,1816.847,466.044,1100.374,9991.775,3808.073,30021.704
348,Hungary,18139,594.715,15242.354,15242.354,12976.599,5711.411,9048.647,628.258,969.675,3174.824,3572.314,1964.079,1693.143,7020.163
352,Iceland,69996,98.99,26407.17,27641.729,54575.141,15792.552,35597.484,3127.273,4929.027,6337.905,9167.46,7020.82,6079.484,31570.571
356,India,2239,20.969,486.656,543.492,1605.611,709.026,1356.954,382.221,165.534,317.57,423.427,217.397,121.486,738.865
360,Indonesia,4217,28.375,935.149,818.255,2805.447,1362.541,2410.931,577.162,452.963,832.867,1274.871,668.485,376.251,814.602
364,Iran (Islamic Republic of),6556,939.214,1501.306,1489.933,3901.122,2706.901,2945.745,849.467,252.56,1160.1,2115.477,779.738,558.004,1978.995
368,Iraq,4645,139.243,2075.549,1358.039,3422.644,330.904,2434.901,188.722,282.123,92.034,2150.096,383.909,412.25,1260.386
372,Ireland,76726,1448.42,135966.402,96058.859,36297.815,25067.552,23864.31,1029.05,2067.752,35094.573,36097.275,6890.948,18540.086,30482.143
376,Israel,53302,900.391,16067.309,13707.774,39325.582,12359.469,27303.19,577.255,3124.779,5969.669,6751.114,5319.917,7637.427,25730.167
380,Italy,36216,-6.317,11630.59,10786.571,27683.844,7123.526,20594.079,686.481,1590.048,5300.443,6414.549,4777.151,2819.026,15614.363
384,Côte d'Ivoire,2462,-63.024,660.366,643.332,1928.739,593.471,1664.144,517.98,93.331,296.47,440.664,333.843,246.88,736.417
388,Jamaica,5023,15.686,1559.878,2571.719,5248.055,1165.565,4459.972,432.352,423.72,424.917,661.452,1009.364,306.587,1702.111
392,Japan,41162,-32.91,7302.636,7511.283,29852.536,10031.094,21346.168,412.57,2214.866,7984.751,9228.606,5882.234,3940.214,17734.974
398,Kazakhstan,9168,330.36,3444.642,2464.054,6355.337,2687.999,5180.344,514.026,585.322,1396.534,2975.808,1853.07,899.659,2633.125
400,Jordan,4038,135.664,1239.411,2079.52,3913.116,989.746,3160.312,212.879,109.409,700.544,873.248,373.202,339.849,1771.89
404,Kenya,2051,14.583,220.028,418.442,1824.352,422.596,1572.023,466.911,145.82,150.81,207.98,185.446,288.731,658.596
408,D.P.R. of Korea,662,139.243,38.424,72.888,688.612,4341.19,9496.199,155.687,66.723,119.709,216.523,1.308,5.887,208.019
410,Republic of Korea,35329,181.484,14682.577,13428.48,22380.8,11209.694,16129.611,625.311,1800.123,8894.439,9531.134,3048.419,2759.012,14084.469
412,Kosovo,5792,173.883,1891.991,3693.988,5429.137,2035.946,4700.166,392.073,480.978,730.059,1073.492,888.161,350.153,1359.465
414,Kuwait,36453,139.243,16908.388,12048.905,19835.943,7454.753,12465.78,138.18,822.717,2275.337,16766.327,1672.039,2316.337,14840.804
417,Kyrgyzstan,1294,28.371,505.57,909.894,1370.105,373.224,1137.862,184.544,104.011,173.247,240.083,251.269,89.715,333.337
418,Lao People's DR,2414,139.243,865.856,940.185,1678.583,964.671,1323.981,409.818,234.059,215.269,638.794,316.12,72.603,589.452
422,Lebanon,6521,45.673,3030.535,6295.216,8885.155,597.168,8610.61,275.92,67.589,402.883,467.084,1207.083,381.531,4350.02
426,Lesotho,1224,-5.911,478.424,989.132,1279.524,271.492,847.479,43.941,21.898,172.627,274.327,78.427,45.503,449.206
428,Latvia,20876,748.089,13498.559,14226.985,16513.384,5482.505,12130.901,873.695,1023.974,2545.214,3204.243,3104.928,2382.998,8054.169
430,Liberia,413,139.243,159.812,248.183,401.13,149.685,271.339,314.872,7.283,18.73,28.734,21.007,23.071,31.069
434,Libya,5839,-83.25,2297.145,1663.495,4315.341,842.272,2121.486,224.382,191.191,165.155,2581.539,421.427,236.888,2591.532
438,Liechtenstein,198294,-3460.708,118388.579,93366.584,104372.6,39865.622,84651.071,234.788,6875.616,63905.949,66092.578,12283.824,5736.329,71694.968
440,Lithuania,22926,-438.486,19192.66,18115.064,18076.018,4690.512,13897.218,790.142,1513.636,3844.487,4510.819,3846.917,3222.678,7411.702
442,Luxembourg,93369,1315.137,283112.865,236188.081,63795.448,23478.2,40449.448,260.827,7039.715,6486.384,7949.263,11693.295,13121.138,81278.352
446," China,Macao SAR ",51684,-91.692,38458.669,33048.65,28199.518,9945.141,18589.127,501.915,1766.927,283.531,653.018,4541.026,1147.749,24585.988
450,Madagascar,489,-6.597,105.21,147.126,477.958,88.63,371.108,119.896,35.078,48.545,70.361,64.37,39.809,142.342
454,Malawi,602,1.232,58.632,213.451,711.609,56.551,641.002,163.698,18.661,74.67,97.654,76.312,54.541,167.532
458,Malaysia,10769,330.646,7654.762,6850.565,7833.472,2472.285,6433.574,1067.16,399.248,2607.764,3782.703,2067.25,1029.326,2625.707
462,Maldives,9391,139.243,7856.763,7025.638,5363.674,4171.889,3938.754,545.87,528.515,200.837,398.673,3073.678,784.208,3618.344
466,Mali,849,10.114,258.522,351.418,781.113,186.336,640.125,310.095,37.448,138.77,146.962,89.869,46.168,180.475
470,Malta,31132,251.032,57307.719,51779.411,20923.637,7189.651,14168.463,299.98,1433.215,2250.527,2464.286,3452.919,4135.734,18550.513
478,Mauritania,2144,182.886,854.558,1320.0,1393.353,1238.134,1076.344,402.423,84.138,114.474,628.431,242.284,124.844,507.716
480,Mauritius,9005,-5.909,3908.869,4770.718,7958.281,1726.54,6463.337,289.808,413.986,1034.3,1212.274,1132.398,826.366,3971.009
484,Mexico,9956,53.77,4127.694,4301.325,7742.385,2083.578,6558.534,390.697,706.889,1815.238,2628.149,2138.824,742.109,2817.565
492,Monaco,234317,1847.369,69003.457,73554.279,180226.095,58641.812,123405.324,501.915,21394.169,7937.378,7937.378,54784.676,17483.511,132717.352
496,Mongolia,3889,432.893,2697.865,2720.213,3015.312,1629.301,2357.786,594.912,124.219,342.65,1544.745,474.581,226.907,1082.568
498,Republic of Moldova,4592,199.905,1368.228,2591.35,4410.625,1280.918,3667.093,464.057,352.161,419.059,568.658,747.127,436.671,1267.346
499,Montenegro,9529,267.118,3982.661,5802.004,8701.687,2370.156,6835.25,584.156,465.102,348.716,918.148,1812.626,767.005,2946.777
500,Montserrat,16204,139.243,5573.318,13022.742,21632.929,3714.357,12374.43,102.059,1017.221,662.14,1463.538,1207.277,1145.658,9511.366
504,Morocco,3801,149.573,1268.949,1619.151,2993.803,1196.646,2291.228,463.776,216.148,591.198,788.826,479.673,213.601,1293.282
508,Mozambique,481,113.704,154.359,338.548,430.975,245.053,337.424,135.233,6.388,38.396,101.345,51.607,42.308,103.222
512,Oman,18184,-626.347,10247.66,8074.879,12964.885,4371.85,8645.43,413.753,1530.521,1780.049,8347.84,1985.79,1037.633,6834.011
516,Namibia,4760,73.561,1544.738,2385.488,4906.883,770.013,3651.08,454.453,87.687,531.448,1123.356,559.006,216.805,2059.55
520,Nauru,17434,-6.698,585.865,10990.985,19120.295,2601.985,10387.128,295.907,369.778,2420.187,4129.282,2728.106,2369.659,2349.222
524,Nepal,1212,71.49,62.797,465.347,1112.579,431.355,1011.327,257.011,61.414,56.244,79.901,181.268,78.221,374.41
528,Netherlands,56574,-61.834,47995.349,42110.205,39539.025,12398.798,24283.361,895.214,2709.902,6285.105,7713.538,8284.911,5096.85,26797.403
531,Curaçao,15409,1571.941,7829.964,10767.693,12144.447,4976.537,9818.601,27.566,580.299,551.959,1444.713,2136.122,938.935,7448.53
533,Aruba,27927,139.243,20220.502,20026.397,23327.246,5820.749,16988.13,7.898,1431.86,988.579,1293.894,7745.901,2325.311,13172.433
534,Sint Maarten (Dutch part),25320,139.243,26807.362,27212.882,22474.49,4129.723,17713.04,501.915,640.086,349.79,1036.691,5347.095,3288.231,14514.952
540,New Caledonia,34994,139.243,6937.63,13652.481,31329.946,10379.293,22795.325,686.932,3399.18,3296.855,3963.594,3664.424,2511.271,17886.023
548,Vanuatu,3183,19.167,295.449,1298.689,2688.12,1311.748,2025.752,667.863,162.939,84.902,143.051,647.603,256.513,964.623
554,New Zealand,47876,316.447,10978.009,12940.805,38793.487,11952.995,28266.611,2776.266,3301.736,4844.218,6643.464,5463.858,3229.52,23393.058
558,Nicaragua,1927,-4.777,958.113,1214.9,1819.218,483.103,1528.083,316.744,93.048,285.75,463.128,300.135,86.89,560.381
562,Niger,585,-5.777,60.74,160.812,527.922,162.78,425.515,215.468,27.227,45.121,95.826,81.147,28.504,109.199
566,Nigeria,1868,14.687,216.842,239.047,1358.942,684.157,1255.85,473.287,190.225,295.035,443.99,284.171,242.586,357.465
578,Norway,93149,1919.678,37016.328,26096.512,55709.574,22579.96,34795.349,1439.952,4841.469,4903.414,26836.838,7029.612,6107.048,33684.859
583,Micronesia (FS of),3934,60.424,864.485,2554.561,3814.238,1012.095,2250.778,803.329,66.62,17.595,106.918,464.259,206.272,1716.214
584,Marshall Islands,7455,139.243,2460.851,4671.124,6750.078,1571.468,3835.459,1438.193,307.562,204.97,375.054,775.862,529.346,2777.313
585,Palau,16252,7.883,738.786,9635.111,16821.325,4092.654,11383.099,461.413,1004.383,135.845,457.871,2313.345,461.659,6073.58
586,Pakistan,1584,23.682,134.071,266.301,1395.839,216.761,1231.622,335.597,36.721,176.312,241.484,273.271,150.116,347.896
591,Panama,14012,-248.585,7464.331,6085.91,9509.656,3729.52,7242.244,379.891,2112.422,790.719,1934.042,2920.103,1839.618,4888.702
598,Papua New Guinea,2607,10.832,1226.055,955.256,2189.982,212.186,1577.547,517.188,152.454,45.474,761.718,290.164,100.538,733.096
600,Paraguay,5842,86.952,2106.612,1976.478,4505.071,1399.938,3772.177,628.474,467.914,1222.248,1692.262,714.721,407.733,1718.971
604,Peru,6446,-61.169,1925.919,1749.337,4953.216,1498.983,4004.097,461.544,508.68,870.549,1811.729,876.22,518.693,1863.84
608,Philippines,3584,-38.587,886.896,1308.391,3143.651,733.07,2608.001,348.422,240.224,610.327,759.398,675.413,221.979,1211.798
616,Poland,16908,786.157,10259.027,9684.73,13313.241,3811.242,9997.983,394.454,1066.437,2975.901,3863.45,2793.17,1650.904,5664.654
620,Portugal,24353,60.735,10301.16,10981.426,20310.778,5087.784,15646.102,539.967,1027.398,3063.401,3818.889,3746.269,1681.641,10495.522
624,Guinea-Bissau,760,0.593,136.351,248.805,804.417,56.26,689.669,242.93,14.177,80.966,89.649,200.819,50.532,150.944
626,Timor-Leste,1842,38.216,560.209,864.303,1560.439,556.002,835.985,239.283,177.664,26.625,188.494,222.731,43.359,638.313
630,Puerto Rico,22598,-280.034,22681.255,17912.868,24133.085,3814.986,21817.687,218.364,301.103,15745.872,16353.637,3350.862,949.408,11710.096
634,Qatar,65863,139.243,39431.077,22813.081,24480.446,25754.183,13349.171,199.399,8976.702,5858.101,31127.851,5467.234,3763.65,20637.868
642,Romania,14416,259.7,6001.482,6829.272,11744.279,3807.96,9157.433,639.308,962.833,2287.328,3120.755,1891.681,1831.719,4830.683
643,Russian Federation,11960,318.813,3783.526,2611.942,8338.918,2749.775,6161.151,465.416,833.892,1798.725,3225.301,1791.834,799.433,3900.684
646,Rwanda,795,-2.855,156.739,286.052,735.531,216.173,596.074,197.84,56.955,75.514,110.378,91.143,61.764,239.692
659,Saint Kitts and Nevis,17835,139.243,6655.129,9919.426,15742.64,5604.345,12285.318,257.282,2943.14,865.748,1142.324,1592.236,1850.685,8254.328
660,Anguilla,17312,139.243,14593.376,19749.285,19222.936,5171.829,16028.178,165.283,1513.174,373.591,1093.266,5016.328,947.968,7022.766
662,Saint Lucia,9655,139.243,3021.892,4457.656,8721.093,2379.575,7429.607,184.684,404.377,376.875,692.592,2728.278,778.202,3738.493
670,St. Vincent and the Grenadines,8395,139.243,1327.987,3984.644,8386.095,2710.599,6562.462,550.771,509.875,340.098,637.679,1142.908,884.144,3398.771
674,San Marino,45440,-477.49,90306.329,77437.617,28195.005,9381.962,18088.36,6.889,2186.856,16597.817,16597.817,7274.977,3403.229,18101.259
678,Sao Tome and Principe,2512,139.243,390.145,956.341,2401.505,650.508,2031.025,309.874,131.432,149.42,207.699,746.195,277.466,765.2
682,Saudi Arabia,23642,10.691,8066.671,5646.669,15298.858,5479.773,9624.372,535.935,1266.006,3031.955,9290.579,2132.949,1270.411,7426.9
686,Senegal,1602,64.827,379.12,722.941,1360.613,620.088,1128.472,250.832,50.893,241.629,352.86,224.539,120.901,466.41
688,Serbia,8377,273.013,4701.997,5380.416,7105.324,2216.388,5654.088,564.417,516.228,1144.131,1666.59,1138.745,784.007,2531.759
690,Seychelles,11500,139.243,13476.766,15021.551,11457.943,2171.47,7891.56,348.59,336.378,852.046,1307.211,1846.193,886.461,5403.695
694,Sierra Leone,499,2.015,85.423,209.23,572.077,56.35,535.115,289.899,3.872,9.476,26.07,29.591,14.404,119.124
702,Singapore,58770,784.706,123546.976,102506.96,28446.102,16271.941,20703.376,22.439,1825.435,14082.111,14815.162,13004.473,7400.014,25921.3
703,Slovakia,21124,538.508,20008.73,20192.297,16838.23,4600.308,12240.421,372.988,1148.44,4221.912,4881.422,2516.834,2191.758,7941.043
704,Viet Nam,3564,67.231,3508.843,3498.583,2441.826,1261.952,2082.734,471.829,224.201,924.751,1179.874,416.128,303.069,828.772
705,Slovenia,28724,450.447,24365.41,22518.375,20908.983,6378.781,14894.206,492.212,1576.094,5834.818,6722.006,3584.006,2640.381,10588.724
706,Somalia,444,139.243,89.771,383.462,667.817,72.871,628.154,236.339,16.474,9.749,12.409,41.748,36.845,48.919
710,South Africa,6920,-20.766,2205.675,1767.907,5741.489,902.873,4344.001,174.091,160.642,831.459,1568.121,855.953,453.156,3131.721
716,Zimbabwe,1471,46.748,383.203,465.989,1357.049,233.731,1132.118,133.456,48.437,187.639,385.95,398.35,93.804,361.973
724,Spain,30216,254.77,10508.153,10044.868,23374.85,6254.352,16909.914,784.958,1515.943,3474.64,4611.795,4906.613,2147.959,13203.632
728,South Sudan,386,139.243,138.674,187.748,291.047,65.301,263.715,15.937,23.824,7.772,181.564,32.419,34.812,106.433
729,Sudan,745,0.783,56.366,126.7,747.969,107.941,687.232,154.955,26.709,73.408,148.211,132.369,69.439,253.531
740,Suriname,4588,139.243,2881.204,2783.716,3209.519,1952.256,2620.225,483.247,374.801,1189.178,1557.588,1245.092,324.424,1151.813
748,Eswatini,3586,139.243,1820.95,1779.748,3386.993,583.692,2516.162,336.732,108.456,1126.747,1204.801,598.934,197.845,1300.902
752,Sweden,62469,155.416,27610.33,25030.818,42418.638,15763.683,26654.955,783.42,3620.86,7699.181,10126.972,6263.128,7092.375,25986.193
756,Switzerland,90045,-2395.909,65466.968,51545.17,57643.148,21975.731,46827.867,583.221,4516.455,17603.596,19444.495,15187.416,7395.832,43836.406
760,Syrian Arab Republic,997,86.702,298.429,301.161,663.724,263.72,552.194,190.447,31.344,43.273,247.308,207.898,87.622,160.092
762,Tajikistan,1047,53.856,221.774,436.947,820.055,305.5,714.702,216.606,72.642,82.679,162.928,128.59,72.393,156.106
764,Thailand,6818,390.633,4120.048,4134.015,4958.024,2053.041,3673.128,604.046,191.792,1913.378,2262.535,1410.593,521.266,2080.974
768,Togo,946,16.977,272.565,362.238,804.855,223.944,685.787,179.488,25.623,118.321,165.196,78.46,118.797,282.246
776,Tonga,4699,-56.705,557.418,2708.376,6220.392,977.568,4853.734,726.593,336.412,230.967,371.598,459.368,201.108,1550.029
780,Trinidad and Tobago,15316,139.243,7437.475,5644.038,12497.061,1742.004,10048.09,154.454,787.36,3123.209,5983.27,3612.367,805.589,4243.334
784,United Arab Emirates,43217,1642.954,45381.038,37159.062,24132.034,10784.67,17618.521,379.811,3459.292,4391.402,16764.289,6490.577,3182.116,13027.027
788,Tunisia,3679,-26.978,1603.799,1988.363,3610.619,581.127,2811.935,385.994,153.019,548.894,727.101,557.715,268.79,1463.068
792,Türkiye,9519,139.243,3409.008,3432.599,6605.69,2713.051,5343.531,535.529,489.431,2146.849,2512.521,1509.872,1115.932,2465.338
795,Turkmenistan,8070,139.243,6316.445,3753.751,1702.373,4215.203,935.33,903.885,606.706,2842.654,3016.122,422.413,645.397,2525.707
796,Turks and Caicos Islands,22878,139.243,16271.072,11744.746,12954.896,3427.352,8432.615,90.17,2149.9,137.332,1276.348,6695.585,2130.025,6724.734
798,Tuvalu,7156,139.243,728.65,5085.091,8250.873,1475.987,3262.745,469.325,744.215,50.013,118.19,771.034,227.958,2815.95
800,Uganda,915,6.969,123.558,229.879,757.153,224.939,665.462,218.101,49.998,155.259,204.511,97.701,46.74,247.528
804,Ukraine,4697,62.023,1872.951,1924.612,4020.085,635.094,3193.096,488.732,127.82,473.538,950.564,667.788,462.731,1252.182
807,North Macedonia,6285,139.243,4351.209,5403.586,5420.142,2231.851,4346.048,502.883,315.039,832.235,1103.018,1090.21,480.093,2117.08
818,Egypt,3778,75.116,411.676,752.155,3642.615,591.393,3349.741,445.814,281.508,603.619,933.534,600.9,352.829,1089.123
826,United Kingdom,46338,169.448,13005.15,13361.863,38495.244,8427.337,28091.124,314.079,2467.263,4087.333,5662.814,5320.964,4102.196,23780.846
835,U.R. of Tanzania: Mainland,1117,-41.38,162.952,189.621,757.717,458.078,674.261,297.073,157.316,88.877,179.227,110.942,97.795,206.412
836,Zanzibar,1190,-85.89,173.71,202.139,807.742,488.32,718.776,327.796,113.058,85.009,117.112,247.83,54.73,259.612
840,United States,70081,-56.65,7537.145,10089.092,57270.433,14599.509,47181.342,614.248,2804.174,7418.45,9703.333,10445.178,7388.776,38279.202
854,Burkina Faso,865,19.843,245.444,264.619,688.93,190.279,538.705,155.937,29.012,85.039,256.853,80.573,37.919,257.437
858,Uruguay,16498,-76.302,5450.383,4384.223,13064.142,3182.34,10172.591,1141.145,792.266,1807.371,2295.838,2107.431,1489.165,7378.152
860,Uzbekistan,2023,110.315,482.278,815.542,1540.399,824.437,1201.158,507.538,126.67,405.807,524.376,131.58,135.103,518.245
862,Venezuela (Bolivarian Republic of),3528,139.243,1048.026,1771.796,3829.805,436.2,3482.133,202.218,89.253,592.986,1727.574,906.719,253.931,581.45
882,Samoa,3825,57.377,447.091,1966.481,4005.831,1302.864,3270.649,363.956,169.394,192.587,286.43,985.789,287.882,1462.808
887,Yemen,301,-1.109,35.873,125.551,346.47,47.778,310.93,57.946,14.915,30.503,47.038,60.555,46.314,70.438
894,Zambia,1062,15.071,590.627,397.226,587.715,313.386,432.562,32.277,167.005,96.361,340.958,199.318,105.815,218.275
